date,type,rating,surprise_pct,vix,vix_ma_20,vix_change_5d,vix_change_20d,vix_above_20,rsi_14,ma_5,ma_20,ma_50,volatility_20,momentum_5d,momentum_20d,price,fed_funds_rate,fed_rate_change_3m,returns,target
2014-08-01,NFP,-3.0,-22.22222222222222,17.030000686645508,12.763000059127808,4.340001106262207,6.710000991821289,0,56.09776146711144,81.25711517333984,81.22487678527833,80.91640396118164,0.3172797666843913,-0.12780363611452072,1.3153400066192367,81.41697692871094,0.09,0.0,0.10617078071413859,1
2014-10-01,NFP,-2.0,-11.02661596958175,16.709999084472656,13.744999933242799,3.4399986267089844,4.34999942779541,0,66.83357767073473,81.70737762451172,81.36318817138672,81.6440397644043,0.3181545338957958,1.3488057132257092,0.278894808539798,82.28260803222656,0.09,0.0,-0.3259543441385798,0
2015-01-01,NFP,-3.0,-19.207920792079207,19.200000762939453,16.592500114440917,4.40000057220459,6.350000381469727,0,48.4019192653748,83.75732727050782,83.89742393493653,83.4313735961914,0.44289286998844285,0.7758504814031841,0.8237032610329598,84.02688598632812,0.11,0.020000000000000004,1.2860621212007606,1
2015-04-01,NFP,3.0,20.44117647058824,15.109999656677246,14.993000030517578,-0.3299999237060547,0.880000114440918,0,69.1547792170675,86.09220886230469,85.49101867675782,85.67454727172851,0.46933326983297313,0.5501444774677067,2.239798984801933,86.61766815185547,0.12,0.009999999999999995,-0.15636187698023218,0
2015-07-01,NFP,3.0,25.799256505576214,16.09000015258789,14.484500074386597,2.8299999237060547,2.4300003051757812,0,48.615982005603286,83.65829010009766,83.71369819641113,84.51062133789063,0.5147711202394609,-0.3708344635930727,-0.17098533905645086,83.4752197265625,0.13,0.010000000000000009,1.0642828835863938,1
2015-07-01,CPI,5.0,692.8195963635657,16.09000015258789,14.484500074386597,2.8299999237060547,2.4300003051757812,0,48.615982005603286,83.65829010009766,83.71369819641113,84.51062133789063,0.5147711202394609,-0.3708344635930727,-0.17098533905645086,83.4752197265625,0.13,0.010000000000000009,1.0642828835863938,1
2015-09-01,NFP,-4.0,-30.662557781201855,31.399999618530273,20.691500091552733,-4.620000839233398,18.399999618530273,1,52.18871735680277,85.42166137695312,85.46682319641113,84.72884597778321,0.37660529967610873,-0.37510292187629135,0.742773885305148,85.63825988769531,0.14,0.010000000000000009,-0.028098551258652956,0
2015-09-01,CPI,-5.0,-90.4492078924401,31.399999618530273,20.691500091552733,-4.620000839233398,18.399999618530273,1,52.18871735680277,85.42166137695312,85.46682319641113,84.72884597778321,0.37660529967610873,-0.37510292187629135,0.742773885305148,85.63825988769531,0.14,0.010000000000000009,-0.028098551258652956,0
2015-10-01,NFP,4.0,34.91124260355029,22.549999237060547,23.848999977111816,-0.9200000762939453,-3.5400009155273438,1,63.381877142455224,86.3887451171875,85.80661163330078,85.49494232177734,0.3990693734530804,0.7504377272558704,1.4797050416383017,86.66915893554688,0.12,-0.010000000000000009,-0.07419959682743686,0
2015-10-01,CPI,5.0,30.574751287387286,22.549999237060547,23.848999977111816,-0.9200000762939453,-3.5400009155273438,1,63.381877142455224,86.3887451171875,85.80661163330078,85.49494232177734,0.3990693734530804,0.7504377272558704,1.4797050416383017,86.66915893554688,0.12,-0.010000000000000009,-0.07419959682743686,0
2015-11-01,CPI,5.0,220.0165062234202,15.069999694824219,16.294000005722047,0.6099996566772461,-5.870000839233398,0,41.59502327217401,86.37007904052734,86.62456665039062,86.13816543579101,0.3506813737593719,-0.42798610111185464,-1.191024563917964,86.05009460449219,0.12,-0.020000000000000018,-0.3659854085992344,0
2016-01-01,NFP,-4.0,-41.66666666666667,18.209999084472656,18.299000215530395,2.6399993896484375,2.299999237060547,0,46.181940296016954,85.37464752197266,85.52555541992187,85.61237365722656,0.4279386439779436,-0.17589437229977856,-0.7007574966929497,85.29385375976562,0.34,0.22000000000000003,0.5752771551873098,1
2016-01-01,CPI,5.0,342.36214681007414,18.209999084472656,18.299000215530395,2.6399993896484375,2.299999237060547,0,46.181940296016954,85.37464752197266,85.52555541992187,85.61237365722656,0.4279386439779436,-0.17589437229977856,-0.7007574966929497,85.29385375976562,0.34,0.22000000000000003,0.5752771551873098,1
2016-02-01,CPI,5.0,88.96215517023849,19.979999542236328,23.53100004196167,-4.170000076293945,1.7700004577636719,0,73.87098478212064,87.75739898681641,86.9845142364502,86.12145339965821,0.30351339327539834,0.5808630234198642,3.0956464056611566,87.93424987792969,0.38,0.26,0.5979150279401249,1
2016-03-01,NFP,3.0,19.344773790951646,17.700000762939453,22.402999877929688,-3.279998779296875,-2.279998779296875,0,41.23535548816287,89.34113006591797,89.25509109497071,87.59997909545899,0.4205615489669314,-0.8084898210335978,0.9252525525958566,88.74786376953125,0.36,0.12,-0.05480401225546665,0
2016-03-01,CPI,5.0,62.29484158907535,17.700000762939453,22.402999877929688,-3.279998779296875,-2.279998779296875,0,41.23535548816287,89.34113006591797,89.25509109497071,87.59997909545899,0.4205615489669314,-0.8084898210335978,0.9252525525958566,88.74786376953125,0.36,0.12,-0.05480401225546665,0
2016-05-01,NFP,-5.0,-78.84012539184953,15.699999809265137,14.360500049591064,2.479999542236328,2.59999942779541,0,38.29125811173141,88.93185577392578,89.3829792022705,88.9910350036621,0.29297226803252074,0.5392166931910358,-0.12711691845161965,89.24827575683594,0.37,-0.010000000000000009,0.7760383779643064,1
2016-05-01,CPI,5.0,23.866355036665702,15.699999809265137,14.360500049591064,2.479999542236328,2.59999942779541,0,38.29125811173141,88.93185577392578,89.3829792022705,88.9910350036621,0.29297226803252074,0.5392166931910358,-0.12711691845161965,89.24827575683594,0.37,-0.010000000000000009,0.7760383779643064,1
2016-11-01,CPI,5.0,38.135382057278925,18.559999465942383,14.882499933242798,5.09999942779541,4.929999351501465,0,44.19344467570265,90.0694595336914,90.34838638305663,90.82486587524414,0.17626316709315604,-0.45759687979052277,-0.8074773203187724,90.06062316894531,0.41,0.009999999999999953,0.23655533949723603,1
2016-11-01,NFP,-4.0,-42.03137902559868,18.559999465942383,14.882499933242798,5.09999942779541,4.929999351501465,0,44.19344467570265,90.0694595336914,90.34838638305663,90.82486587524414,0.17626316709315604,-0.45759687979052277,-0.8074773203187724,90.06062316894531,0.41,0.009999999999999953,0.23655533949723603,1
2018-03-01,NFP,3.0,19.471365638766525,22.469999313354492,22.464999771118165,3.75,8.929999351501465,1,53.14898851831603,85.6815673828125,85.65898170471192,86.79164245605469,0.3590560117150443,0.8547722712612282,-0.5064830340230309,86.00993347167969,1.51,0.20999999999999996,-0.49778711018961824,0
2018-03-01,CPI,3.0,8.260713704117482,22.469999313354492,22.464999771118165,3.75,8.929999351501465,1,53.14898851831603,85.6815673828125,85.65898170471192,86.79164245605469,0.3590560117150443,0.8547722712612282,-0.5064830340230309,86.00993347167969,1.51,0.20999999999999996,-0.49778711018961824,0
2018-04-01,NFP,-4.0,-33.07148468185389,19.969999313354492,18.851500272750854,-3.3700008392333984,-2.5,0,72.75981576907292,86.35246276855469,85.9318660736084,86.00003936767578,0.23285326568432968,0.6142784268694967,0.7223137742389252,86.63119506835938,1.69,0.28,-0.37813767568630435,0
2018-04-01,CPI,4.0,13.444553376902022,19.969999313354492,18.851500272750854,-3.3700008392333984,-2.5,0,72.75981576907292,86.35246276855469,85.9318660736084,86.00003936767578,0.23285326568432968,0.6142784268694967,0.7223137742389252,86.63119506835938,1.69,0.28,-0.37813767568630435,0
2018-05-01,NFP,5.0,50.0,15.489999771118164,17.719499921798707,-2.530000686645508,-5.6100006103515625,0,26.095547453174788,85.33709564208985,85.89287376403809,85.87847549438476,0.22067635982145037,0.18815903215720908,-1.2153793537141078,85.39139556884766,1.7,0.29000000000000004,0.2762226331550609,1
2018-05-01,CPI,5.0,23.465744625196724,15.489999771118164,17.719499921798707,-2.530000686645508,-5.6100006103515625,0,26.095547453174788,85.33709564208985,85.89287376403809,85.87847549438476,0.22067635982145037,0.18815903215720908,-1.2153793537141078,85.39139556884766,1.7,0.29000000000000004,0.2762226331550609,1
2018-07-01,CPI,4.0,15.659261527352959,16.09000015258789,13.68900008201599,2.3199996948242188,2.630000114440918,0,69.73500642072388,86.50381317138672,86.0639705657959,85.68042602539063,0.24033587674597637,0.39173841811175336,0.5689751982919322,86.53924560546875,1.91,0.21999999999999997,0.26406443976909977,1
2018-07-01,NFP,-5.0,-74.5125348189415,16.09000015258789,13.68900008201599,2.3199996948242188,2.630000114440918,0,69.73500642072388,86.50381317138672,86.0639705657959,85.68042602539063,0.24033587674597637,0.39173841811175336,0.5689751982919322,86.53924560546875,1.91,0.21999999999999997,0.26406443976909977,1
2018-11-01,NFP,-5.0,-50.54347826086957,19.34000015258789,20.727999687194824,-4.879999160766602,5.119999885559082,0,58.33592764332881,85.86607818603515,85.42326431274414,85.92374298095703,0.24200015924492776,0.05577374968352977,0.7864991753590456,85.72052001953125,2.2,0.29000000000000026,-0.4973672874338262,0
2018-11-01,CPI,-4.0,-19.022761135172765,19.34000015258789,20.727999687194824,-4.879999160766602,5.119999885559082,0,58.33592764332881,85.86607818603515,85.42326431274414,85.92374298095703,0.24200015924492776,0.05577374968352977,0.7864991753590456,85.72052001953125,2.2,0.29000000000000026,-0.4973672874338262,0
2018-12-01,NFP,4.0,31.356898517673898,18.06999969482422,19.391499996185303,-3.450000762939453,-1.2700004577636719,0,93.05038518589406,86.50331268310546,85.94649238586426,85.67951965332031,0.20615313229509566,0.46399575084918876,1.2434627201492354,86.78642272949219,2.27,0.32000000000000006,0.7171585514514792,1
2018-12-01,CPI,-5.0,-21.35196881594002,18.06999969482422,19.391499996185303,-3.450000762939453,-1.2700004577636719,0,93.05038518589406,86.50331268310546,85.94649238586426,85.67951965332031,0.20615313229509566,0.46399575084918876,1.2434627201492354,86.78642272949219,2.27,0.32000000000000006,0.7171585514514792,1
2019-01-01,NFP,5.0,76.47058823529413,25.420000076293945,24.608999824523927,-4.690000534057617,6.629999160766602,1,69.9061700970694,88.66011810302734,87.95821418762208,86.66524185180664,0.2572248902057667,0.9494425674261286,3.006637237516774,89.22010040283203,2.4,0.20999999999999996,-0.019191142413124453,0
2019-01-01,CPI,-5.0,-38.32056307058597,25.420000076293945,24.608999824523927,-4.690000534057617,6.629999160766602,1,69.9061700970694,88.66011810302734,87.95821418762208,86.66524185180664,0.2572248902057667,0.9494425674261286,3.006637237516774,89.22010040283203,2.4,0.20999999999999996,-0.019191142413124453,0
2019-02-01,CPI,-5.0,-30.45670454131482,16.139999389648438,18.924499797821046,-1.2800006866455078,-9.310001373291016,0,52.23336445073331,89.32606048583985,89.07490997314453,88.22720718383789,0.3171601647496053,0.47073069112100185,-0.8847540690492206,89.32180786132812,2.4,0.19999999999999973,-0.048003055795950454,0
2019-02-01,NFP,-5.0,-96.53512993262753,16.139999389648438,18.924499797821046,-1.2800006866455078,-9.310001373291016,0,52.23336445073331,89.32606048583985,89.07490997314453,88.22720718383789,0.3171601647496053,0.47073069112100185,-0.8847540690492206,89.32180786132812,2.4,0.19999999999999973,-0.048003055795950454,0
2019-06-01,NFP,4.0,30.278884462151385,18.709999084472656,16.932999849319458,1.789999008178711,4.289999008178711,0,83.61490228151783,93.24139862060547,92.19955368041992,91.53766067504883,0.27345844275062525,1.4059625228088901,3.3890366591429633,94.00788879394531,2.38,-0.03000000000000025,-0.3662682068971143,0
2019-06-01,CPI,-3.0,-6.187416892642481,18.709999084472656,16.932999849319458,1.789999008178711,4.289999008178711,0,83.61490228151783,93.24139862060547,92.19955368041992,91.53766067504883,0.27345844275062525,1.4059625228088901,3.3890366591429633,94.00788879394531,2.38,-0.03000000000000025,-0.3662682068971143,0
2019-08-01,NFP,5.0,60.775370581527945,17.8700008392334,13.55199999809265,5.130001068115234,5.30000114440918,0,77.72486647445291,95.22421722412109,94.9141227722168,94.54511978149414,0.36237478097126735,1.5130584588610718,0.7491233000964437,96.26817321777344,2.13,-0.26000000000000023,1.0728747409863733,1
2019-08-01,CPI,-2.0,-2.526357104894732,17.8700008392334,13.55199999809265,5.130001068115234,5.30000114440918,0,77.72486647445291,95.22421722412109,94.9141227722168,94.54511978149414,0.36237478097126735,1.5130584588610718,0.7491233000964437,96.26817321777344,2.13,-0.26000000000000023,1.0728747409863733,1
2019-09-01,NFP,2.0,5.244122965641948,18.979999542236328,19.102999925613403,-0.8900012969970703,1.3699989318847656,0,60.81332941189852,98.94479370117188,98.24005851745605,96.31212997436523,0.40649610798187474,0.20213373429924797,2.573095419205562,98.94999694824219,2.04,-0.33999999999999986,-0.6487351230717993,0
2019-09-01,CPI,-3.0,-7.4014920435159395,18.979999542236328,19.102999925613403,-0.8900012969970703,1.3699989318847656,0,60.81332941189852,98.94479370117188,98.24005851745605,96.31212997436523,0.40649610798187474,0.20213373429924797,2.573095419205562,98.94999694824219,2.04,-0.33999999999999986,-0.6487351230717993,0
2019-10-01,NFP,-4.0,-46.728971962616825,18.559999465942383,15.503999853134156,1.510000228881836,-1.1000003814697266,0,60.051663271286245,97.68622131347657,97.49737586975098,97.42390808105469,0.45085148693560634,0.05456924591280554,-1.1295759991315601,98.04718017578125,1.83,-0.5699999999999998,0.8702273088044422,1
2019-10-01,CPI,-2.0,-2.9144487968582515,18.559999465942383,15.503999853134156,1.510000228881836,-1.1000003814697266,0,60.051663271286245,97.68622131347657,97.49737586975098,97.42390808105469,0.45085148693560634,0.05456924591280554,-1.1295759991315601,98.04718017578125,1.83,-0.5699999999999998,0.8702273088044422,1
2020-02-01,CPI,4.0,15.452401531497163,18.84000015258789,14.014500045776368,4.279999732971191,6.369999885559082,0,81.34829918635428,99.14560394287109,97.88986778259277,97.33887115478515,0.30095756388054445,1.423000225020754,2.9892678705135234,99.72451782226562,1.58,0.030000000000000027,-1.010623387102517,0
2020-02-01,NFP,4.0,43.013698630136986,18.84000015258789,14.014500045776368,4.279999732971191,6.369999885559082,0,81.34829918635428,99.14560394287109,97.88986778259277,97.33887115478515,0.30095756388054445,1.423000225020754,2.9892678705135234,99.72451782226562,1.58,0.030000000000000027,-1.010623387102517,0
2020-03-01,NFP,-5.0,-847.7252453166815,40.11000061035156,19.589499998092652,23.030000686645508,24.6200008392334,1,87.88085819854876,101.4381332397461,99.80405921936035,98.32547561645508,0.40450560266095703,2.634557164726803,3.47894478090236,102.67804718017578,0.65,-0.9,0.9398598827900251,1
2020-03-01,CPI,-5.0,-29.809902690764545,40.11000061035156,19.589499998092652,23.030000686645508,24.6200008392334,1,87.88085819854876,101.4381332397461,99.80405921936035,98.32547561645508,0.40450560266095703,2.634557164726803,3.47894478090236,102.67804718017578,0.65,-0.9,0.9398598827900251,1
2020-04-01,NFP,-5.0,-26033.191489361707,57.060001373291016,61.252000427246095,-6.8899993896484375,25.07000160217285,1,61.79880277292963,106.2171875,104.70823554992675,101.80522903442383,1.284997465081694,1.8152105029633603,3.2457834846901346,106.93402862548828,0.05,-1.5,0.09029643643715204,1
2020-04-01,CPI,-5.0,-85.07037375834823,57.060001373291016,61.252000427246095,-6.8899993896484375,25.07000160217285,1,61.79880277292963,106.2171875,104.70823554992675,101.80522903442383,1.284997465081694,1.8152105029633603,3.2457834846901346,106.93402862548828,0.05,-1.5,0.09029643643715204,1
2020-05-01,CPI,-5.0,-89.34400617762502,37.189998626708984,39.9875,1.2599983215332031,-13.720001220703125,1,62.539263606276045,106.90384979248047,106.77157249450684,105.07522384643555,0.34108984930726516,-0.24712273698554998,-0.009708697694832402,106.94120025634766,0.05,-1.53,-0.05750875169624421,0
2020-05-01,NFP,5.0,174.6149458071877,37.189998626708984,39.9875,1.2599983215332031,-13.720001220703125,1,62.539263606276045,106.90384979248047,106.77157249450684,105.07522384643555,0.34108984930726516,-0.24712273698554998,-0.009708697694832402,106.94120025634766,0.05,-1.53,-0.05750875169624421,0
2020-06-01,CPI,-5.0,-53.59395871312992,28.229999542236328,30.449000072479247,0.06999969482421875,-8.959999084472656,1,60.576902947579974,106.9503158569336,106.89120063781738,106.62841690063476,0.2870926819750146,0.009760214331455686,0.14946140032705557,107.10103607177734,0.08,-0.5700000000000001,-0.7554950877076256,0
2020-06-01,NFP,5.0,249.1625509984969,28.229999542236328,30.449000072479247,0.06999969482421875,-8.959999084472656,1,60.576902947579974,106.9503158569336,106.89120063781738,106.62841690063476,0.2870926819750146,0.009760214331455686,0.14946140032705557,107.10103607177734,0.08,-0.5700000000000001,-0.7554950877076256,0
2020-07-01,NFP,5.0,167.28971962616822,28.6200008392334,31.626000118255615,-5.219999313354492,2.960000991821289,1,50.416744111462194,107.17140655517578,106.64106979370118,106.79754425048829,0.28720952201911815,0.04919169283044145,0.6866691678825143,107.02176666259766,0.09,0.039999999999999994,-0.024687121214335472,0
2020-07-01,CPI,-5.0,-21.947467718762244,28.6200008392334,31.626000118255615,-5.219999313354492,2.960000991821289,1,50.416744111462194,107.17140655517578,106.64106979370118,106.79754425048829,0.28720952201911815,0.04919169283044145,0.6866691678825143,107.02176666259766,0.09,0.039999999999999994,-0.024687121214335472,0
2020-08-01,CPI,5.0,26.835955766023762,24.459999084472656,26.70950002670288,-1.3800010681152344,-3.220001220703125,1,77.08209211215222,107.8862533569336,107.5521629333496,107.05932357788086,0.1479468969131248,0.3760306361330068,0.8872921963086089,108.1045913696289,0.1,0.05,0.008120003770506099,1
2020-08-01,NFP,5.0,173.45021916092674,24.459999084472656,26.70950002670288,-1.3800010681152344,-3.220001220703125,1,77.08209211215222,107.8862533569336,107.5521629333496,107.05932357788086,0.1479468969131248,0.3760306361330068,0.8872921963086089,108.1045913696289,0.1,0.05,0.008120003770506099,1
2020-09-01,NFP,5.0,149.73415845899066,26.1200008392334,22.938000011444093,4.090000152587891,2.3600006103515625,1,54.823566231124325,107.0628677368164,107.36749496459962,107.43226943969727,0.21729411404474847,0.20410866558586704,-0.9358911073104714,107.40703582763672,0.09,0.009999999999999995,0.27086128019815237,1
2020-09-01,CPI,5.0,66.92677131116139,26.1200008392334,22.938000011444093,4.090000152587891,2.3600006103515625,1,54.823566231124325,107.0628677368164,107.36749496459962,107.43226943969727,0.21729411404474847,0.20410866558586704,-0.9358911073104714,107.40703582763672,0.09,0.009999999999999995,0.27086128019815237,1
2020-10-01,NFP,5.0,145.43561643835613,26.700000762939453,27.73050003051758,-1.8099994659423828,0.13000106811523438,1,45.272423428482504,107.56556243896485,107.46032829284668,107.50940368652344,0.17188015656625977,-0.07455727097971376,-0.08274398783177928,107.46792602539062,0.09,0.0,-0.7306668817259874,0
2020-10-01,CPI,5.0,50.75608579566476,26.700000762939453,27.73050003051758,-1.8099994659423828,0.13000106811523438,1,45.272423428482504,107.56556243896485,107.46032829284668,107.50940368652344,0.17188015656625977,-0.07455727097971376,-0.08274398783177928,107.46792602539062,0.09,0.0,-0.7306668817259874,0
2020-11-01,NFP,-5.0,-86.54149705076016,38.02000045776367,29.665999698638917,10.470001220703125,10.39000129699707,1,33.2303015492364,106.42506713867188,106.6571117401123,107.09615371704102,0.2508475201452095,-0.2658564375237371,-1.339496046022226,105.92393493652344,0.09,-0.010000000000000009,0.6157181376954881,1
2020-11-01,CPI,5.0,21.331731697259084,38.02000045776367,29.665999698638917,10.470001220703125,10.39000129699707,1,33.2303015492364,106.42506713867188,106.6571117401123,107.09615371704102,0.2508475201452095,-0.2658564375237371,-1.339496046022226,105.92393493652344,0.09,-0.010000000000000009,0.6157181376954881,1
2020-12-01,NFP,-5.0,-111.33010009286967,20.770000457763672,24.17750005722046,-1.8899993896484375,-16.360000610351562,1,57.13565603388636,106.07748107910156,106.06209030151368,106.56436431884765,0.3569620088458043,-0.42441585510129,-0.3664425669602678,105.71698760986328,0.09,0.0,0.10029201379825278,1
2020-12-01,CPI,4.0,16.64917321020772,20.770000457763672,24.17750005722046,-1.8899993896484375,-16.360000610351562,1,57.13565603388636,106.07748107910156,106.06209030151368,106.56436431884765,0.3569620088458043,-0.42441585510129,-0.3664425669602678,105.71698760986328,0.09,0.0,0.10029201379825278,1
2021-01-01,CPI,3.0,9.957553404813591,22.75,22.514500045776366,-0.5599994659423828,1.5799999237060547,1,53.517729658299174,105.93525085449218,105.86055641174316,106.01827575683593,0.17322882145162877,0.26751132078357553,0.4629960953860923,106.02894592285156,0.09,0.0,-0.8167889585262764,0
2021-01-01,NFP,-5.0,-55.095345499282345,22.75,22.514500045776366,-0.5599994659423828,1.5799999237060547,1,53.517729658299174,105.93525085449218,105.86055641174316,106.01827575683593,0.17322882145162877,0.26751132078357553,0.4629960953860923,106.02894592285156,0.09,0.0,-0.8167889585262764,0
2021-02-01,NFP,-3.0,-16.511755057408415,30.239999771118164,25.176499843597412,7.049999237060547,7.489999771118164,1,63.80458851309757,105.09337615966797,104.9270092010498,105.5299900817871,0.24958594647744733,-0.22840577020525332,-0.9686901732738118,105.0018539428711,0.08,-0.009999999999999995,-0.4969554530425234,0
2021-02-01,CPI,5.0,29.030973442175785,30.239999771118164,25.176499843597412,7.049999237060547,7.489999771118164,1,63.80458851309757,105.09337615966797,104.9270092010498,105.5299900817871,0.24958594647744733,-0.22840577020525332,-0.9686901732738118,105.0018539428711,0.08,-0.009999999999999995,-0.4969554530425234,0
2021-03-01,CPI,5.0,93.37971454199037,23.350000381469727,23.15099992752075,-0.10000038146972656,-9.739999771118164,1,29.281531005627855,102.39958801269532,103.66358795166016,104.62804077148438,0.42285070955444193,-0.618932228666802,-2.4730449190965675,102.27745056152344,0.07,-0.01999999999999999,-0.35476673745739684,0
2021-03-01,NFP,5.0,89.93469074145219,23.350000381469727,23.15099992752075,-0.10000038146972656,-9.739999771118164,1,29.281531005627855,102.39958801269532,103.66358795166016,104.62804077148438,0.42285070955444193,-0.618932228666802,-2.4730449190965675,102.27745056152344,0.07,-0.01999999999999999,-0.35476673745739684,0
2021-04-01,CPI,5.0,164.84787007440195,17.329999923706055,20.851500034332275,-2.479999542236328,-11.239999771118164,0,44.21960899016825,100.22772369384765,100.71313934326172,102.5701318359375,0.3396994158855914,-0.4647997772482926,-1.0034134746029766,100.39256286621094,0.07,-0.01999999999999999,0.20290829137995423,1
2021-04-01,NFP,-2.0,-11.550888529886919,17.329999923706055,20.851500034332275,-2.479999542236328,-11.239999771118164,0,44.21960899016825,100.22772369384765,100.71313934326172,102.5701318359375,0.3396994158855914,-0.4647997772482926,-1.0034134746029766,100.39256286621094,0.07,-0.01999999999999999,0.20290829137995423,1
2021-05-01,CPI,5.0,140.70671902821087,18.610000610351562,17.420500087738038,1.2800006866455078,1.2800006866455078,0,56.56012558869701,101.01251525878907,100.99036102294922,101.1570573425293,0.28222893553407863,-0.45411020099986876,0.5557787293442029,100.95052337646484,0.06,-0.03,0.2541435738795784,1
2021-05-01,NFP,3.0,17.488372093023262,18.610000610351562,17.420500087738038,1.2800006866455078,1.2800006866455078,0,56.56012558869701,101.01251525878907,100.99036102294922,101.1570573425293,0.28222893553407863,-0.45411020099986876,0.5557787293442029,100.95052337646484,0.06,-0.03,0.2541435738795784,1
2021-06-01,NFP,5.0,107.5619295958279,17.899999618530273,19.739999866485597,-0.5,-0.4099998474121094,0,55.09721216252681,101.47493896484374,101.22516326904297,100.99308258056641,0.22378383805681568,0.05160139414135401,0.2357269354992919,101.36080169677734,0.08,0.009999999999999995,-0.14000159421170183,0
2021-06-01,CPI,5.0,99.02099942620161,17.899999618530273,19.739999866485597,-0.5,-0.4099998474121094,0,55.09721216252681,101.47493896484374,101.22516326904297,100.99308258056641,0.22378383805681568,0.05160139414135401,0.2357269354992919,101.36080169677734,0.08,0.009999999999999995,-0.14000159421170183,0
2021-07-01,NFP,5.0,70.3048780487805,15.479999542236328,16.755499935150148,-0.49000072479248047,-2.5600013732910156,0,47.451410698934254,102.22044219970704,102.1512294769287,101.58725402832032,0.3197363430036495,0.24058375580273683,1.1100204319556717,102.34244537353516,0.1,0.03,0.8930889729107802,1
2021-07-01,CPI,5.0,57.85618472749579,15.479999542236328,16.755499935150148,-0.49000072479248047,-2.5600013732910156,0,47.451410698934254,102.22044219970704,102.1512294769287,101.58725402832032,0.3197363430036495,0.24058375580273683,1.1100204319556717,102.34244537353516,0.1,0.03,0.8930889729107802,1
2021-08-01,CPI,5.0,29.849182199023712,18.239999771118164,17.709500217437743,1.039999008178711,2.760000228881836,0,63.54525245674788,104.28758087158204,103.82968254089356,102.66766082763672,0.36918652864581825,0.41805620222072903,2.063637052863787,104.45442199707031,0.09,0.03,0.0,0
2021-08-01,NFP,-3.0,-24.024960998439937,18.239999771118164,17.709500217437743,1.039999008178711,2.760000228881836,0,63.54525245674788,104.28758087158204,103.82968254089356,102.66766082763672,0.36918652864581825,0.41805620222072903,2.063637052863787,104.45442199707031,0.09,0.03,0.0,0
2021-09-01,CPI,4.0,17.212445611579174,16.110000610351562,17.25750002861023,-0.6800003051757812,-1.8599987030029297,0,60.44965176575895,104.01930084228516,104.04150276184082,103.75003555297852,0.2716563381413143,0.37677536352642704,-0.7871657169128299,104.08678436279297,0.08,0.0,-0.11949104817661806,0
2021-09-01,NFP,-3.0,-26.88284518828452,16.110000610351562,17.25750002861023,-0.6800003051757812,-1.8599987030029297,0,60.44965176575895,104.01930084228516,104.04150276184082,103.75003555297852,0.2716563381413143,0.37677536352642704,-0.7871657169128299,104.08678436279297,0.08,0.0,-0.11949104817661806,0
2021-10-01,CPI,5.0,23.72647556255346,21.100000381469727,20.244999885559082,3.3500003814697266,4.690000534057617,1,37.32894847332496,102.42525634765624,103.45684051513672,103.88800018310548,0.35038823223535975,-0.01699277080039474,-1.3554626363204703,102.7986831665039,0.08,-0.020000000000000004,-0.43248385468073436,0
2021-10-01,NFP,4.0,48.35545297172534,21.100000381469727,20.244999885559082,3.3500003814697266,4.690000534057617,1,37.32894847332496,102.42525634765624,103.45684051513672,103.88800018310548,0.35038823223535975,-0.01699277080039474,-1.3554626363204703,102.7986831665039,0.08,-0.020000000000000004,-0.43248385468073436,0
2021-11-01,CPI,5.0,27.594878777173605,16.40999984741211,17.379999971389772,1.1700000762939453,-6.549999237060547,0,49.30940194909907,101.89187927246094,101.80817565917968,102.88943084716797,0.2884697767800611,0.45660854006863705,-0.7352439605252337,101.91927337646484,0.08,-0.009999999999999995,-0.06984179598066079,0
2021-12-01,NFP,-3.0,-17.345471969333968,31.1200008392334,19.359500074386595,11.740001678466797,15.09000015258789,1,60.1482835418442,102.54183197021484,102.14387435913086,102.12044509887696,0.5227385492366228,2.173665338221231,1.0435338448051112,103.23458862304688,0.08,0.0,0.3708845743056547,1
2021-12-01,CPI,5.0,25.517959073090623,31.1200008392334,19.359500074386595,11.740001678466797,15.09000015258789,1,60.1482835418442,102.54183197021484,102.14387435913086,102.12044509887696,0.5227385492366228,2.173665338221231,1.0435338448051112,103.23458862304688,0.08,0.0,0.3708845743056547,1
2022-01-01,CPI,5.0,26.071565768345078,17.219999313354492,20.536499977111816,-0.7399997711181641,-10.730001449584961,0,46.734409806201455,102.6038589477539,102.89155044555665,102.38418960571289,0.31743547224772445,-0.27747252237456665,-0.4965196593715193,102.50048065185547,0.08,0.0,-0.47396907874866456,0
2022-01-01,NFP,-5.0,-65.84872248924867,17.219999313354492,20.536499977111816,-0.7399997711181641,-10.730001449584961,0,46.734409806201455,102.6038589477539,102.89155044555665,102.38418960571289,0.31743547224772445,-0.27747252237456665,-0.4965196593715193,102.50048065185547,0.08,0.0,-0.47396907874866456,0
2022-02-01,CPI,5.0,24.288991969131647,21.959999084472656,23.448999977111818,-9.200000762939453,5.35999870300293,1,44.490747730971194,100.1309814453125,100.43877830505372,101.77146835327149,0.3757504109643123,-0.19725312278815466,-1.3273012500432002,100.1989517211914,0.08,0.0,-0.2225720206769415,0
2022-02-01,NFP,5.0,60.5789959963043,21.959999084472656,23.448999977111818,-9.200000762939453,5.35999870300293,1,44.490747730971194,100.1309814453125,100.43877830505372,101.77146835327149,0.3757504109643123,-0.19725312278815466,-1.3273012500432002,100.1989517211914,0.08,0.0,-0.2225720206769415,0
2022-03-01,CPI,5.0,24.554322195346824,33.31999969482422,26.127000045776366,4.510000228881836,8.489999771118164,1,64.97080390126789,99.51415405273437,99.21099739074707,100.45523376464844,0.5813707734346819,1.800218168183898,0.6668741531574263,101.00370788574219,0.2,0.12000000000000001,-1.07862837284283,0
2022-03-01,NFP,-3.0,-22.127307798291547,33.31999969482422,26.127000045776366,4.510000228881836,8.489999771118164,1,64.97080390126789,99.51415405273437,99.21099739074707,100.45523376464844,0.5813707734346819,1.800218168183898,0.6668741531574263,101.00370788574219,0.2,0.12000000000000001,-1.07862837284283,0
2022-04-01,CPI,4.0,11.48762250828472,19.6299991607666,25.669500064849853,-1.1800003051757812,-12.350000381469727,0,33.51819879912084,95.49054107666015,96.97820091247559,98.52185562133789,0.565674552931657,0.6506393151643364,-5.513106800741152,95.34244537353516,0.33,0.25,-1.256465193880797,0
2022-04-01,NFP,-4.0,-49.642267473858006,19.6299991607666,25.669500064849853,-1.1800003051757812,-12.350000381469727,0,33.51819879912084,95.49054107666015,96.97820091247559,98.52185562133789,0.565674552931657,0.6506393151643364,-5.513106800741152,95.34244537353516,0.33,0.25,-1.256465193880797,0
2022-05-01,CPI,4.0,10.473192683229032,33.400001525878906,24.37350015640259,5.19000244140625,12.840002059936523,1,40.69469878804042,92.46744079589844,92.9461570739746,95.9674057006836,0.5429644381467955,0.06812268629157181,-4.228265503890604,91.90959930419922,0.77,0.6900000000000001,0.7653074878832726,1
2022-05-01,NFP,-5.0,-53.08241401687216,33.400001525878906,24.37350015640259,5.19000244140625,12.840002059936523,1,40.69469878804042,92.46744079589844,92.9461570739746,95.9674057006836,0.5429644381467955,0.06812268629157181,-4.228265503890604,91.90959930419922,0.77,0.6900000000000001,0.7653074878832726,1
2022-06-01,CPI,4.0,12.508210092936114,25.690000534057617,29.12300033569336,-3.760000228881836,-3.559999465942383,1,49.50685965603255,92.91443786621093,92.18653755187988,92.99202346801758,0.6213061079705768,-1.3080888469364726,0.6843144388091194,91.95728302001953,1.21,1.01,-0.048751247093571946,0
2022-07-01,NFP,5.0,62.363919129082426,26.700000762939453,28.319500064849855,-0.529998779296875,1.980001449584961,1,62.430020174507106,91.14293975830078,90.4963436126709,91.48586013793945,0.8289663147261145,2.2211290217375224,0.6195609778566924,92.66226959228516,1.68,1.3499999999999999,-0.4843056593554661,0
2022-08-01,NFP,-5.0,-53.26979953992771,22.84000015258789,24.675500011444093,-0.5200004577636719,-3.8600006103515625,1,73.67328468525054,94.07590942382812,92.64409523010254,91.80970916748046,0.6062749124212268,1.8633329388073827,2.465223747963119,94.94660186767578,2.33,1.56,-0.9753921323703533,0
2022-08-01,CPI,-2.0,-2.7706055730288948,22.84000015258789,24.675500011444093,-0.5200004577636719,-3.8600006103515625,1,73.67328468525054,94.07590942382812,92.64409523010254,91.80970916748046,0.6062749124212268,1.8633329388073827,2.465223747963119,94.94660186767578,2.33,1.56,-0.9753921323703533,0
2022-09-01,NFP,-4.0,-43.50891746163417,25.559999465942383,22.26500005722046,3.779998779296875,4.119998931884766,1,20.059431505910695,90.95407409667969,92.27250823974609,92.35636978149414,0.5251084320951578,-1.9124543717167097,-4.72163705938261,90.03523254394531,2.56,1.35,-0.560219057582608,0
2022-09-01,CPI,-2.0,-3.403646249360036,25.559999465942383,22.26500005722046,3.779998779296875,4.119998931884766,1,20.059431505910695,90.95407409667969,92.27250823974609,92.35636978149414,0.5251084320951578,-1.9124543717167097,-4.72163705938261,90.03523254394531,2.56,1.35,-0.560219057582608,0
2022-10-01,CPI,-3.0,-8.078966056424374,31.6200008392334,27.498499965667726,1.7000007629394531,6.060001373291016,1,30.77756361268075,86.23242645263672,88.29145774841308,91.01123901367187,0.8376129465481542,-0.8572843095476013,-3.971596541270994,86.45939636230469,3.08,1.4000000000000001,-0.7427376635816718,0
2022-10-01,NFP,2.0,10.752191970466077,31.6200008392334,27.498499965667726,1.7000007629394531,6.060001373291016,1,30.77756361268075,86.23242645263672,88.29145774841308,91.01123901367187,0.8376129465481542,-0.8572843095476013,-3.971596541270994,86.45939636230469,3.08,1.4000000000000001,-0.7427376635816718,0
2022-11-01,CPI,-4.0,-14.690277856197852,25.809999465942383,29.838000106811524,-2.6499996185302734,-3.260000228881836,1,43.75106690047952,85.48798522949218,85.30708847045898,87.52803451538085,0.5906863810037531,0.22613138851244052,-2.8278954922906663,85.18690490722656,3.78,1.4499999999999997,-0.6051702646463456,0
2022-11-01,NFP,-3.0,-21.220159151193634,25.809999465942383,29.838000106811524,-2.6499996185302734,-3.260000228881836,1,43.75106690047952,85.48798522949218,85.30708847045898,87.52803451538085,0.5906863810037531,0.22613138851244052,-2.8278954922906663,85.18690490722656,3.78,1.4499999999999997,-0.6051702646463456,0
2022-12-01,NFP,-5.0,-67.38567730802416,19.84000015258789,23.016500186920165,-0.5100002288818359,-6.020000457763672,0,69.82502693770104,88.14181518554688,86.77531776428222,86.14619766235352,0.7015369113154969,1.5813543680379238,4.941108309770947,89.24420928955078,4.1,1.5399999999999996,-0.812324635430198,0
2022-12-01,CPI,-5.0,-21.10995704154313,19.84000015258789,23.016500186920165,-0.5100002288818359,-6.020000457763672,0,69.82502693770104,88.14181518554688,86.77531776428222,86.14619766235352,0.7015369113154969,1.5813543680379238,4.941108309770947,89.24420928955078,4.1,1.5399999999999996,-0.812324635430198,0
2023-01-01,CPI,-4.0,-17.60366268379416,21.670000076293945,21.88149995803833,-0.2999992370605469,1.8299999237060547,1,33.62247549611671,87.23144836425782,88.56438446044922,87.12282867431641,0.5776536528758024,-1.4507568828041162,-2.5524352940482498,86.96630859375,4.33,1.25,0.6215993635853149,1
2023-01-01,NFP,4.0,34.34190620272315,21.670000076293945,21.88149995803833,-0.2999992370605469,1.8299999237060547,1,33.62247549611671,87.23144836425782,88.56438446044922,87.12282867431641,0.5776536528758024,-1.4507568828041162,-2.5524352940482498,86.96630859375,4.33,1.25,0.6215993635853149,1
2023-02-01,CPI,-4.0,-18.873238572954534,17.8700008392334,19.951500034332277,-1.2099990844726562,-5.029998779296875,0,59.24256817673006,90.07769622802735,89.80391921997071,88.8958122253418,0.6280942814917856,0.3953603933156691,3.5155139136499924,90.72855377197266,4.57,0.7900000000000005,-1.1132299072660188,0
2023-02-01,NFP,2.0,6.065857885615252,17.8700008392334,19.951500034332277,-1.2099990844726562,-5.029998779296875,0,59.24256817673006,90.07769622802735,89.80391921997071,88.8958122253418,0.6280942814917856,0.3953603933156691,3.5155139136499924,90.72855377197266,4.57,0.7900000000000005,-1.1132299072660188,0
2023-03-01,CPI,-5.0,-29.220459204495125,20.579999923706055,20.088000106811524,-1.710000991821289,1.1800003051757812,1,25.361397398484726,86.91314239501953,88.12273941040038,88.69279647827149,0.5249793962901692,-0.5606294778496723,-4.044073991700214,86.437744140625,4.65,0.5500000000000007,0.3902973176029307,1
2023-03-01,NFP,-5.0,-71.66666666666667,20.579999923706055,20.088000106811524,-1.710000991821289,1.1800003051757812,1,25.361397398484726,86.91314239501953,88.12273941040038,88.69279647827149,0.5249793962901692,-0.5606294778496723,-4.044073991700214,86.437744140625,4.65,0.5500000000000007,0.3902973176029307,1
2023-04-01,CPI,-5.0,-22.96227702160091,18.700000762939453,21.958000087738036,-3.039999008178711,0.21000099182128906,0,53.14751921135644,89.97367858886719,89.33815994262696,88.84352020263673,0.8724709986128069,-0.7708490832748716,4.150464572617718,90.37667846679688,4.83,0.5,1.066523851806841,1
2023-04-01,NFP,-3.0,-21.833534378769595,18.700000762939453,21.958000087738036,-3.039999008178711,0.21000099182128906,0,53.14751921135644,89.97367858886719,89.33815994262696,88.84352020263673,0.8724709986128069,-0.7708490832748716,4.150464572617718,90.37667846679688,4.83,0.5,1.066523851806841,1
2023-05-01,CPI,-5.0,-30.702801998953205,16.079999923706055,17.73099989891052,-0.8099994659423828,-2.6200008392333984,0,43.90635497204541,90.80172119140624,90.70723419189453,89.39504318237304,0.599516290335179,-0.4985523492613275,-0.37180947389854335,90.0406494140625,5.06,0.7299999999999995,1.9629704194475965,1
2023-05-01,NFP,-2.0,-7.598371777476251,16.079999923706055,17.73099989891052,-0.8099994659423828,-2.6200008392333984,0,43.90635497204541,90.80172119140624,90.70723419189453,89.39504318237304,0.599516290335179,-0.4985523492613275,-0.37180947389854335,90.0406494140625,5.06,0.7299999999999995,1.9629704194475965,1
2023-06-01,CPI,-5.0,-43.88816749606659,15.649999618530273,17.58100004196167,-4.380001068115234,-2.690000534057617,0,33.36709708807554,89.33781280517579,90.19646072387695,90.47250274658204,0.4428002713586979,0.9990181895908945,-1.9125732103630222,90.0522232055664,5.08,0.4299999999999997,-0.8256741214869538,0
2023-06-01,NFP,2.0,9.82905982905983,15.649999618530273,17.58100004196167,-4.380001068115234,-2.690000534057617,0,33.36709708807554,89.33781280517579,90.19646072387695,90.47250274658204,0.4428002713586979,0.9990181895908945,-1.9125732103630222,90.0522232055664,5.08,0.4299999999999997,-0.8256741214869538,0
2023-10-01,CPI,-4.0,-14.660479128573007,17.520000457763672,15.241000032424926,0.31999969482421875,3.950000762939453,0,26.08695652173914,84.71219482421876,85.81510200500489,86.66386627197265,0.3481418911182668,-0.9195291110001946,-3.1388397173547244,84.70848846435547,5.33,0.20999999999999996,-0.19864977718299778,0
2023-11-01,CPI,-4.0,-10.821308824832688,16.8700008392334,18.82150001525879,-3.3199996948242188,-1.7099990844726562,0,49.73145685236847,83.45793304443359,83.63664665222169,84.97184219360352,0.6845257789564259,1.5257119907867933,0.2121741371008845,84.03237915039062,5.33,0.0,1.3942884390571813,1
2023-11-01,NFP,-3.0,-25.330979699911744,16.8700008392334,18.82150001525879,-3.3199996948242188,-1.7099990844726562,0,49.73145685236847,83.45793304443359,83.63664665222169,84.97184219360352,0.6845257789564259,1.5257119907867933,0.2121741371008845,84.03237915039062,5.33,0.0,1.3942884390571813,1
2024-08-01,CPI,-4.0,-18.139841931272482,18.59000015258789,15.029500055313111,0.13000106811523438,6.5,0,69.76902272468213,90.94979858398438,90.20072784423829,89.25545730590821,0.3208600844998194,2.030695700849372,3.0331541963170228,91.76797485351562,5.33,0.0,1.6529805094888586,1
2024-08-01,NFP,-5.0,-55.34591194968554,18.59000015258789,15.029500055313111,0.13000106811523438,6.5,0,69.76902272468213,90.94979858398438,90.20072784423829,89.25545730590821,0.3208600844998194,2.030695700849372,3.0331541963170228,91.76797485351562,5.33,0.0,1.6529805094888586,1
2024-09-01,CPI,-5.0,-21.452278539557632,15.0,19.144500017166138,-0.8599996566772461,-8.389999389648438,0,51.891845159617,92.99103698730468,92.77828865051269,91.0850845336914,0.37757424682830515,-0.7362602360020287,-0.6244694330825196,92.6075210571289,5.13,-0.20000000000000018,0.8211883369076257,1
2024-09-01,NFP,5.0,79.3275217932752,15.0,19.144500017166138,-0.8599996566772461,-8.389999389648438,0,51.891845159617,92.99103698730468,92.77828865051269,91.0850845336914,0.37757424682830515,-0.7362602360020287,-0.6244694330825196,92.6075210571289,5.13,-0.20000000000000018,0.8211883369076257,1
2024-10-01,CPI,-4.0,-12.063303826535675,19.260000228881836,17.69599986076355,3.869999885559082,-1.4599990844726562,0,43.75689044427182,93.97527160644532,94.24170379638672,93.02362289428712,0.2790787865096779,0.007157919659150913,1.0850309483282805,94.22943878173828,4.83,-0.5,-0.794366958492948,0
2024-10-01,NFP,-5.0,-66.87578419071518,19.260000228881836,17.69599986076355,3.869999885559082,-1.4599990844726562,0,43.75689044427182,93.97527160644532,94.24170379638672,93.02362289428712,0.2790787865096779,0.007157919659150913,1.0850309483282805,94.22943878173828,4.83,-0.5,-0.794366958492948,0
2024-11-01,NFP,5.0,116.597510373444,21.8799991607666,20.15600004196167,1.5499992370605469,2.6700000762939453,1,26.811638995879747,90.67489776611328,91.52512397766114,92.93649230957031,0.3010145881115368,-0.9798125832373161,-2.6015677130585835,90.17031860351562,4.64,-0.6900000000000004,0.58717447213779,1
2024-11-01,CPI,-2.0,-2.8472490681227187,21.8799991607666,20.15600004196167,1.5499992370605469,2.6700000762939453,1,26.811638995879747,90.67489776611328,91.52512397766114,92.93649230957031,0.3010145881115368,-0.9798125832373161,-2.6015677130585835,90.17031860351562,4.64,-0.6900000000000004,0.58717447213779,1
