date,type,rating,surprise_pct,rsi_14,volatility_20,momentum_5d,momentum_20d,vix,vix_ma_20,vix_change_5d,vix_change_20d,vix_above_20,fed_funds_rate,fed_rate_change_3m,returns,target
2014-08-01,NFP,-3.0,-22.22222222222222,51.971869969849735,1.969923099290062,-0.982664945770273,7.725499694941584,17.030000686645508,12.763000059127808,4.340001106262207,6.710000991821289,0,0.09,0.0,0.14094453505507024,1
2014-08-01,PMI,-2.0,-4.672897196261676,51.971869969849735,1.969923099290062,-0.982664945770273,7.725499694941584,17.030000686645508,12.763000059127808,4.340001106262207,6.710000991821289,0,0.09,0.0,0.14094453505507024,1
2014-10-01,PMI,5.0,82.85714285714286,57.00620178400424,1.9600282878860424,2.2055760994226903,-1.4618581769375583,16.709999084472656,13.744999933242799,3.4399986267089844,4.34999942779541,0,0.09,0.0,-1.4032793584938164,0
2015-01-01,NFP,-3.0,-19.207920792079207,56.8507880325794,2.696502744020029,6.617075859270316,14.735296310489886,19.200000762939453,16.592500114440917,4.40000057220459,6.350000381469727,0,0.11,0.020000000000000004,10.39575849056974,1
2015-01-01,PMI,-5.0,-105.0,56.8507880325794,2.696502744020029,6.617075859270316,14.735296310489886,19.200000762939453,16.592500114440917,4.40000057220459,6.350000381469727,0,0.11,0.020000000000000004,10.39575849056974,1
2015-01-01,RETAIL,-5.0,-12921.611442335225,56.8507880325794,2.696502744020029,6.617075859270316,14.735296310489886,19.200000762939453,16.592500114440917,4.40000057220459,6.350000381469727,0,0.11,0.020000000000000004,10.39575849056974,1
2015-02-01,PMI,-5.0,-40.0,70.06264366011345,3.2231786900289516,7.762920111564098,31.008868576918935,20.969999313354492,19.119499969482423,4.309999465942383,1.769998550415039,1,0.11,0.020000000000000004,-6.018263884708132,0
2015-02-01,RETAIL,-5.0,-123.94101596643823,70.06264366011345,3.2231786900289516,7.762920111564098,31.008868576918935,20.969999313354492,19.119499969482423,4.309999465942383,1.769998550415039,1,0.11,0.020000000000000004,-6.018263884708132,0
2015-04-01,NFP,3.0,20.44117647058824,62.14908613969743,2.9915833698750496,-4.495636042629614,9.856540452521934,15.109999656677246,14.993000030517578,-0.3299999237060547,0.880000114440918,0,0.12,0.009999999999999995,-4.819251190530905,0
2015-07-01,PMI,5.0,134.14634146341467,55.334580139278245,3.5859611729439957,3.7484961865395183,-5.58458920940229,16.09000015258789,14.484500074386597,2.8299999237060547,2.4300003051757812,0,0.13,0.010000000000000009,6.490353376469793,1
2015-07-01,RETAIL,5.0,239.03098975861036,55.334580139278245,3.5859611729439957,3.7484961865395183,-5.58458920940229,16.09000015258789,14.484500074386597,2.8299999237060547,2.4300003051757812,0,0.13,0.010000000000000009,6.490353376469793,1
2015-07-01,CPI,5.0,692.8195963635657,55.334580139278245,3.5859611729439957,3.7484961865395183,-5.58458920940229,16.09000015258789,14.484500074386597,2.8299999237060547,2.4300003051757812,0,0.13,0.010000000000000009,6.490353376469793,1
2015-07-01,NFP,3.0,25.799256505576214,55.334580139278245,3.5859611729439957,3.7484961865395183,-5.58458920940229,16.09000015258789,14.484500074386597,2.8299999237060547,2.4300003051757812,0,0.13,0.010000000000000009,6.490353376469793,1
2015-09-01,RETAIL,-5.0,-191.2255979310521,35.35666034253144,2.8781910924811145,-11.51375032793368,-5.763763528638499,31.399999618530273,20.691500091552733,-4.620000839233398,18.399999618530273,1,0.14,0.010000000000000009,-1.0756859745424336,0
2015-09-01,CPI,-5.0,-90.4492078924401,35.35666034253144,2.8781910924811145,-11.51375032793368,-5.763763528638499,31.399999618530273,20.691500091552733,-4.620000839233398,18.399999618530273,1,0.14,0.010000000000000009,-1.0756859745424336,0
2015-09-01,NFP,-4.0,-30.662557781201855,35.35666034253144,2.8781910924811145,-11.51375032793368,-5.763763528638499,31.399999618530273,20.691500091552733,-4.620000839233398,18.399999618530273,1,0.14,0.010000000000000009,-1.0756859745424336,0
2015-10-01,PMI,4.0,19.999999999999996,58.89008965963788,3.102279867140326,4.217978122585153,3.110426673952116,22.549999237060547,23.848999977111816,-0.9200000762939453,-3.5400009155273438,1,0.12,-0.010000000000000009,-2.1107683381507925,0
2015-10-01,CPI,5.0,30.574751287387286,58.89008965963788,3.102279867140326,4.217978122585153,3.110426673952116,22.549999237060547,23.848999977111816,-0.9200000762939453,-3.5400009155273438,1,0.12,-0.010000000000000009,-2.1107683381507925,0
2015-10-01,NFP,4.0,34.91124260355029,58.89008965963788,3.102279867140326,4.217978122585153,3.110426673952116,22.549999237060547,23.848999977111816,-0.9200000762939453,-3.5400009155273438,1,0.12,-0.010000000000000009,-2.1107683381507925,0
2015-11-01,PMI,-5.0,-169.76744186046514,46.9925018469844,2.126767654957869,-1.4123478267390022,-4.635281232206523,15.069999694824219,16.294000005722047,0.6099996566772461,-5.870000839233398,0,0.12,-0.020000000000000018,-2.008811157278039,0
2016-01-01,RETAIL,-5.0,-619.2273748222445,43.92179509658988,3.014629398067802,-2.3032832165069017,-6.263439981414443,18.209999084472656,18.299000215530395,2.6399993896484375,2.299999237060547,0,0.34,0.22000000000000003,2.721403925175529,1
2016-01-01,NFP,-4.0,-41.66666666666667,43.92179509658988,3.014629398067802,-2.3032832165069017,-6.263439981414443,18.209999084472656,18.299000215530395,2.6399993896484375,2.299999237060547,0,0.34,0.22000000000000003,2.721403925175529,1
2016-01-01,GDP,-5.0,-31.86372731801208,43.92179509658988,3.014629398067802,-2.3032832165069017,-6.263439981414443,18.209999084472656,18.299000215530395,2.6399993896484375,2.299999237060547,0,0.34,0.22000000000000003,2.721403925175529,1
2016-02-01,PMI,-5.0,-429.0322580645161,65.18904116537368,2.3554717754278034,4.3956359967556535,18.363997069888892,19.979999542236328,23.53100004196167,-4.170000076293945,1.7700004577636719,0,0.38,0.26,2.9503080414367924,1
2016-03-01,PMI,-5.0,-857.8947368421053,46.61227249102277,2.7530516031863113,-0.262416601732407,8.707093449377034,17.700000762939453,22.402999877929688,-3.279998779296875,-2.279998779296875,0,0.36,0.12,2.2460701575082203,1
2016-03-01,RETAIL,-5.0,-1102.2977980896521,46.61227249102277,2.7530516031863113,-0.262416601732407,8.707093449377034,17.700000762939453,22.402999877929688,-3.279998779296875,-2.279998779296875,0,0.36,0.12,2.2460701575082203,1
2016-05-01,PMI,-5.0,-1366.6666666666665,36.66830083314316,1.969551213118103,2.320955291649862,-3.315841673209363,15.699999809265137,14.360500049591064,2.479999542236328,2.59999942779541,0,0.37,-0.010000000000000009,5.393891657660292,1
2016-05-01,NFP,-5.0,-78.84012539184953,36.66830083314316,1.969551213118103,2.320955291649862,-3.315841673209363,15.699999809265137,14.360500049591064,2.479999542236328,2.59999942779541,0,0.37,-0.010000000000000009,5.393891657660292,1
2016-11-01,CPI,5.0,38.135382057278925,39.08304358565132,1.6832505065391987,-3.6903224398970313,-12.244141499725448,18.559999465942383,14.882499933242798,5.09999942779541,4.929999351501465,0,0.41,0.009999999999999953,-1.0797482198624495,0
2018-03-01,CPI,3.0,8.260713704117482,48.663131551099546,2.2494450159203723,5.005834338827997,-7.818053190878871,22.469999313354492,22.464999771118165,3.75,8.929999351501465,1,1.51,0.20999999999999996,-3.1487367766072443,0
2018-03-01,PMI,5.0,29.310344827586217,48.663131551099546,2.2494450159203723,5.005834338827997,-7.818053190878871,22.469999313354492,22.464999771118165,3.75,8.929999351501465,1,1.51,0.20999999999999996,-3.1487367766072443,0
2018-03-01,NFP,3.0,19.471365638766525,48.663131551099546,2.2494450159203723,5.005834338827997,-7.818053190878871,22.469999313354492,22.464999771118165,3.75,8.929999351501465,1,1.51,0.20999999999999996,-3.1487367766072443,0
2018-04-01,CPI,4.0,13.444553376902022,75.49402033548313,1.6452616913504934,4.1044995900448855,6.198845794489638,19.969999313354492,18.851500272750854,-3.3700008392333984,-2.5,0,1.69,0.28,-3.0056351411834,0
2018-07-01,GDP,-5.0,-26.39885933853097,70.61286328456043,1.5820165912534323,2.7600692086825918,3.05726802295867,16.09000015258789,13.68900008201599,2.3199996948242188,2.630000114440918,0,1.91,0.21999999999999997,2.431455795485581,1
2018-07-01,NFP,-5.0,-74.5125348189415,70.61286328456043,1.5820165912534323,2.7600692086825918,3.05726802295867,16.09000015258789,13.68900008201599,2.3199996948242188,2.630000114440918,0,1.91,0.21999999999999997,2.431455795485581,1
2018-07-01,PMI,-5.0,-22.58064516129032,70.61286328456043,1.5820165912534323,2.7600692086825918,3.05726802295867,16.09000015258789,13.68900008201599,2.3199996948242188,2.630000114440918,0,1.91,0.21999999999999997,2.431455795485581,1
2018-11-01,RETAIL,5.0,59.95154597875464,37.39131245382745,1.7005249256142403,-3.194124955003208,-3.7263488454433946,19.34000015258789,20.727999687194824,-4.879999160766602,5.119999885559082,0,2.2,0.29000000000000026,-2.6598894937601205,0
2018-12-01,NFP,4.0,31.356898517673898,71.99946910876633,1.3159955690964407,0.3037392536038297,4.559870370726604,18.06999969482422,19.391499996185303,-3.450000762939453,-1.2700004577636719,0,2.27,0.32000000000000006,5.990508222540471,1
2019-01-01,GDP,-4.0,-14.386855296216572,66.55903393178625,1.8525244022768828,1.7276776333531974,19.15959384779571,25.420000076293945,24.608999824523927,-4.690000534057617,6.629999160766602,1,2.4,0.20999999999999996,-0.050822090439838236,0
2019-01-01,CPI,-5.0,-38.32056307058597,66.55903393178625,1.8525244022768828,1.7276776333531974,19.15959384779571,25.420000076293945,24.608999824523927,-4.690000534057617,6.629999160766602,1,2.4,0.20999999999999996,-0.050822090439838236,0
2019-02-01,PMI,-5.0,-142.10526315789474,61.62371764557727,1.626060459000381,1.9926701756119325,-1.1687003480956415,16.139999389648438,18.924499797821046,-1.2800006866455078,-9.310001373291016,0,2.4,0.19999999999999973,-0.05229255659870183,0
2019-02-01,CPI,-5.0,-30.45670454131482,61.62371764557727,1.626060459000381,1.9926701756119325,-1.1687003480956415,16.139999389648438,18.924499797821046,-1.2800006866455078,-9.310001373291016,0,2.4,0.19999999999999973,-0.05229255659870183,0
2019-02-01,NFP,-5.0,-96.53512993262753,61.62371764557727,1.626060459000381,1.9926701756119325,-1.1687003480956415,16.139999389648438,18.924499797821046,-1.2800006866455078,-9.310001373291016,0,2.4,0.19999999999999973,-0.05229255659870183,0
2019-06-01,RETAIL,-5.0,-158.01782295788297,86.96519986566078,1.5059097479245893,9.914770844534338,21.467530735173934,18.709999084472656,16.932999849319458,1.789999008178711,4.289999008178711,0,2.38,-0.03000000000000025,-5.01405621576888,0
2019-06-01,CPI,-3.0,-6.187416892642481,86.96519986566078,1.5059097479245893,9.914770844534338,21.467530735173934,18.709999084472656,16.932999849319458,1.789999008178711,4.289999008178711,0,2.38,-0.03000000000000025,-5.01405621576888,0
2019-08-01,CPI,-2.0,-2.526357104894732,69.76124822827958,1.887006841795115,2.5451561541786516,-1.3817629495164963,17.8700008392334,13.55199999809265,5.130001068115234,5.30000114440918,0,2.13,-0.26000000000000023,8.096906145889356,1
2019-09-01,CPI,-3.0,-7.4014920435159395,61.3616840360724,3.1446758273130175,2.6460008325129625,24.49281463645805,18.979999542236328,19.102999925613403,-0.8900012969970703,1.3699989318847656,0,2.04,-0.33999999999999986,-4.8492233019445035,0
2019-09-01,RETAIL,-5.0,-233.78942074251802,61.3616840360724,3.1446758273130175,2.6460008325129625,24.49281463645805,18.979999542236328,19.102999925613403,-0.8900012969970703,1.3699989318847656,0,2.04,-0.33999999999999986,-4.8492233019445035,0
2019-09-01,PMI,-5.0,-271.42857142857144,61.3616840360724,3.1446758273130175,2.6460008325129625,24.49281463645805,18.979999542236328,19.102999925613403,-0.8900012969970703,1.3699989318847656,0,2.04,-0.33999999999999986,-4.8492233019445035,0
2019-10-01,CPI,-2.0,-2.9144487968582515,56.66425784731274,3.2726683232098446,2.2670216454242498,-9.065657673244443,18.559999465942383,15.503999853134156,1.510000228881836,-1.1000003814697266,0,1.83,-0.5699999999999998,3.3580951890850494,1
2019-10-01,PMI,-5.0,-32300.000000000007,56.66425784731274,3.2726683232098446,2.2670216454242498,-9.065657673244443,18.559999465942383,15.503999853134156,1.510000228881836,-1.1000003814697266,0,1.83,-0.5699999999999998,3.3580951890850494,1
2019-10-01,NFP,-4.0,-46.728971962616825,56.66425784731274,3.2726683232098446,2.2670216454242498,-9.065657673244443,18.559999465942383,15.503999853134156,1.510000228881836,-1.1000003814697266,0,1.83,-0.5699999999999998,3.3580951890850494,1
2019-10-01,GDP,-3.0,-8.462914218428407,56.66425784731274,3.2726683232098446,2.2670216454242498,-9.065657673244443,18.559999465942383,15.503999853134156,1.510000228881836,-1.1000003814697266,0,1.83,-0.5699999999999998,3.3580951890850494,1
2020-02-01,RETAIL,-5.0,-52.9447503312629,76.50521323607471,2.236043286257516,8.001333117879938,19.67825129141079,18.84000015258789,14.014500045776368,4.279999732971191,6.369999885559082,0,1.58,0.030000000000000027,-7.2032539698897775,0
2020-03-01,CPI,-5.0,-29.809902690764545,84.23230212799048,2.421326682336339,12.866531664018211,20.936204437907,40.11000061035156,19.589499998092652,23.030000686645508,24.6200008392334,1,0.65,-0.9,1.4103474300648924,1
2020-03-01,NFP,-5.0,-847.7252453166815,84.23230212799048,2.421326682336339,12.866531664018211,20.936204437907,40.11000061035156,19.589499998092652,23.030000686645508,24.6200008392334,1,0.65,-0.9,1.4103474300648924,1
2020-03-01,RETAIL,-5.0,-31663.04315976497,84.23230212799048,2.421326682336339,12.866531664018211,20.936204437907,40.11000061035156,19.589499998092652,23.030000686645508,24.6200008392334,1,0.65,-0.9,1.4103474300648924,1
2020-03-01,PMI,-5.0,-669.5652173913044,84.23230212799048,2.421326682336339,12.866531664018211,20.936204437907,40.11000061035156,19.589499998092652,23.030000686645508,24.6200008392334,1,0.65,-0.9,1.4103474300648924,1
2020-04-01,NFP,-5.0,-26033.191489361707,54.01211139216809,11.472096894307633,3.286759998215527,7.178489688201828,57.060001373291016,61.252000427246095,-6.8899993896484375,25.07000160217285,1,0.05,-1.5,2.6940729721221333,1
2020-04-01,GDP,-5.0,-1194.2060134579974,54.01211139216809,11.472096894307633,3.286759998215527,7.178489688201828,57.060001373291016,61.252000427246095,-6.8899993896484375,25.07000160217285,1,0.05,-1.5,2.6940729721221333,1
2020-04-01,RETAIL,-5.0,-1272.3682354551565,54.01211139216809,11.472096894307633,3.286759998215527,7.178489688201828,57.060001373291016,61.252000427246095,-6.8899993896484375,25.07000160217285,1,0.05,-1.5,2.6940729721221333,1
2020-04-01,CPI,-5.0,-85.07037375834823,54.01211139216809,11.472096894307633,3.286759998215527,7.178489688201828,57.060001373291016,61.252000427246095,-6.8899993896484375,25.07000160217285,1,0.05,-1.5,2.6940729721221333,1
2020-04-01,PMI,-5.0,-7484.466019417475,54.01211139216809,11.472096894307633,3.286759998215527,7.178489688201828,57.060001373291016,61.252000427246095,-6.8899993896484375,25.07000160217285,1,0.05,-1.5,2.6940729721221333,1
2020-05-01,CPI,-5.0,-89.34400617762502,52.5157243121108,3.2448277019997604,-6.2649198012870055,-1.2785469098883673,37.189998626708984,39.9875,1.2599983215332031,-13.720001220703125,1,0.05,-1.53,-3.235298276576209,0
2020-06-01,NFP,5.0,249.1625509984969,47.3853685269093,2.987099425638304,-2.106040663781561,-6.475478480021357,28.229999542236328,30.449000072479247,0.06999969482421875,-8.959999084472656,1,0.08,-0.5700000000000001,-5.108191640130483,0
2020-06-01,PMI,5.0,274.80719794344475,47.3853685269093,2.987099425638304,-2.106040663781561,-6.475478480021357,28.229999542236328,30.449000072479247,0.06999969482421875,-8.959999084472656,1,0.08,-0.5700000000000001,-5.108191640130483,0
2020-06-01,RETAIL,5.0,126018.23728183121,47.3853685269093,2.987099425638304,-2.106040663781561,-6.475478480021357,28.229999542236328,30.449000072479247,0.06999969482421875,-8.959999084472656,1,0.08,-0.5700000000000001,-5.108191640130483,0
2020-07-01,NFP,5.0,167.28971962616822,59.36398368317239,2.9680621381852252,4.739809189093891,3.460545701300055,28.6200008392334,31.626000118255615,-5.219999313354492,2.960000991821289,1,0.09,0.039999999999999994,-1.0874918434423446,0
2020-07-01,RETAIL,5.0,26.316890599881198,59.36398368317239,2.9680621381852252,4.739809189093891,3.460545701300055,28.6200008392334,31.626000118255615,-5.219999313354492,2.960000991821289,1,0.09,0.039999999999999994,-1.0874918434423446,0
2020-07-01,GDP,5.0,631.3714798011463,59.36398368317239,2.9680621381852252,4.739809189093891,3.460545701300055,28.6200008392334,31.626000118255615,-5.219999313354492,2.960000991821289,1,0.09,0.039999999999999994,-1.0874918434423446,0
2020-07-01,PMI,5.0,117.03703703703702,59.36398368317239,2.9680621381852252,4.739809189093891,3.460545701300055,28.6200008392334,31.626000118255615,-5.219999313354492,2.960000991821289,1,0.09,0.039999999999999994,-1.0874918434423446,0
2020-08-01,RETAIL,-5.0,-70.70401430596209,69.75845130433619,1.962779771299852,1.7924199250180406,13.496165728612919,24.459999084472656,26.70950002670288,-1.3800010681152344,-3.220001220703125,1,0.1,0.05,1.4050121719432636,1
2020-09-01,PMI,5.0,146.7741935483871,33.16017205470024,2.4114560377882013,-6.8743988515412635,-12.68956407779519,26.1200008392334,22.938000011444093,4.090000152587891,2.3600006103515625,1,0.09,0.009999999999999995,3.845203813933973,1
2020-09-01,CPI,5.0,66.92677131116139,33.16017205470024,2.4114560377882013,-6.8743988515412635,-12.68956407779519,26.1200008392334,22.938000011444093,4.090000152587891,2.3600006103515625,1,0.09,0.009999999999999995,3.845203813933973,1
2020-09-01,NFP,5.0,149.73415845899066,33.16017205470024,2.4114560377882013,-6.8743988515412635,-12.68956407779519,26.1200008392334,22.938000011444093,4.090000152587891,2.3600006103515625,1,0.09,0.009999999999999995,3.845203813933973,1
2020-09-01,RETAIL,5.0,38.195969355315206,33.16017205470024,2.4114560377882013,-6.8743988515412635,-12.68956407779519,26.1200008392334,22.938000011444093,4.090000152587891,2.3600006103515625,1,0.09,0.009999999999999995,3.845203813933973,1
2020-10-01,NFP,5.0,145.43561643835613,41.839148003273934,1.792873781996289,-2.1292093095600095,-1.429619402845561,26.700000762939453,27.73050003051758,-1.8099994659423828,0.13000106811523438,1,0.09,0.0,-7.38437118275094,0
2020-10-01,GDP,5.0,950.9663675896753,41.839148003273934,1.792873781996289,-2.1292093095600095,-1.429619402845561,26.700000762939453,27.73050003051758,-1.8099994659423828,0.13000106811523438,1,0.09,0.0,-7.38437118275094,0
2020-10-01,CPI,5.0,50.75608579566476,41.839148003273934,1.792873781996289,-2.1292093095600095,-1.429619402845561,26.700000762939453,27.73050003051758,-1.8099994659423828,0.13000106811523438,1,0.09,0.0,-7.38437118275094,0
2020-10-01,PMI,5.0,127.7511961722488,41.839148003273934,1.792873781996289,-2.1292093095600095,-1.429619402845561,26.700000762939453,27.73050003051758,-1.8099994659423828,0.13000106811523438,1,0.09,0.0,-7.38437118275094,0
2020-11-01,CPI,5.0,21.331731697259084,39.13505332997023,2.37578483314426,-0.5271758621069322,-9.788608820733213,38.02000045776367,29.665999698638917,10.470001220703125,10.39000129699707,1,0.09,-0.010000000000000009,4.396474091483695,1
2020-12-01,CPI,4.0,16.64917321020772,66.15389793575265,2.903100970882199,-2.707626770026783,4.2398852029335465,20.770000457763672,24.17750005722046,-1.8899993896484375,-16.360000610351562,1,0.09,0.0,-0.22414401885316534,0
2020-12-01,RETAIL,3.0,9.881166569588617,66.15389793575265,2.903100970882199,-2.707626770026783,4.2398852029335465,20.770000457763672,24.17750005722046,-1.8899993896484375,-16.360000610351562,1,0.09,0.0,-0.22414401885316534,0
2021-01-01,CPI,3.0,9.957553404813591,46.75924877275337,2.0070465985604367,1.9141462809335819,5.018164862348495,22.75,22.514500045776366,-0.5599994659423828,1.5799999237060547,1,0.09,0.0,-8.169092653187775,0
2021-01-01,GDP,5.0,646.6322990157253,46.75924877275337,2.0070465985604367,1.9141462809335819,5.018164862348495,22.75,22.514500045776366,-0.5599994659423828,1.5799999237060547,1,0.09,0.0,-8.169092653187775,0
2021-01-01,RETAIL,5.0,351.8778008165046,46.75924877275337,2.0070465985604367,1.9141462809335819,5.018164862348495,22.75,22.514500045776366,-0.5599994659423828,1.5799999237060547,1,0.09,0.0,-8.169092653187775,0
2021-02-01,CPI,5.0,29.030973442175785,52.66553030695339,2.177393629588186,0.41663841312080674,-10.434538268905936,30.239999771118164,25.176499843597412,7.049999237060547,7.489999771118164,1,0.08,-0.009999999999999995,-4.651166540452019,0
2021-02-01,PMI,4.0,18.60465116279069,52.66553030695339,2.177393629588186,0.41663841312080674,-10.434538268905936,30.239999771118164,25.176499843597412,7.049999237060547,7.489999771118164,1,0.08,-0.009999999999999995,-4.651166540452019,0
2021-03-01,CPI,5.0,93.37971454199037,36.36367412585156,3.2017660563293977,-0.5341437945064809,-18.198927898864092,23.350000381469727,23.15099992752075,-0.10000038146972656,-9.739999771118164,1,0.07,-0.01999999999999999,-3.364042829561789,0
2021-03-01,RETAIL,5.0,1814.407826865838,36.36367412585156,3.2017660563293977,-0.5341437945064809,-18.198927898864092,23.350000381469727,23.15099992752075,-0.10000038146972656,-9.739999771118164,1,0.07,-0.01999999999999999,-3.364042829561789,0
2021-03-01,PMI,5.0,76.66666666666667,36.36367412585156,3.2017660563293977,-0.5341437945064809,-18.198927898864092,23.350000381469727,23.15099992752075,-0.10000038146972656,-9.739999771118164,1,0.07,-0.01999999999999999,-3.364042829561789,0
2021-03-01,NFP,5.0,89.93469074145219,36.36367412585156,3.2017660563293977,-0.5341437945064809,-18.198927898864092,23.350000381469727,23.15099992752075,-0.10000038146972656,-9.739999771118164,1,0.07,-0.01999999999999999,-3.364042829561789,0
2021-04-01,GDP,5.0,165.1576776817875,37.38849690970163,2.537724197350125,-5.4077285268108515,-8.600034301386128,17.329999923706055,20.851500034332275,-2.479999542236328,-11.239999771118164,0,0.07,-0.01999999999999999,0.8707147695693745,1
2021-04-01,CPI,5.0,164.84787007440195,37.38849690970163,2.537724197350125,-5.4077285268108515,-8.600034301386128,17.329999923706055,20.851500034332275,-2.479999542236328,-11.239999771118164,0,0.07,-0.01999999999999999,0.8707147695693745,1
2021-05-01,RETAIL,-5.0,-149.14832380678,54.92336609957519,1.8229370871815143,-3.220486628356689,2.0461518169605286,18.610000610351562,17.420500087738038,1.2800006866455078,1.2800006866455078,0,0.06,-0.03,2.463900096653165,1
2021-06-01,CPI,5.0,99.02099942620161,51.88464504658482,1.7038241824093687,1.3009527774298757,-0.34130090517997536,17.899999618530273,19.739999866485597,-0.5,-0.4099998474121094,0,0.08,0.009999999999999995,-0.427006605658867,0
2021-06-01,NFP,5.0,107.5619295958279,51.88464504658482,1.7038241824093687,1.3009527774298757,-0.34130090517997536,17.899999618530273,19.739999866485597,-0.5,-0.4099998474121094,0,0.08,0.009999999999999995,-0.427006605658867,0
2021-06-01,PMI,5.0,78.21782178217823,51.88464504658482,1.7038241824093687,1.3009527774298757,-0.34130090517997536,17.899999618530273,19.739999866485597,-0.5,-0.4099998474121094,0,0.08,0.009999999999999995,-0.427006605658867,0
2021-07-01,RETAIL,-5.0,-214.8508548260973,55.64060943331275,2.578588742280315,2.0825476919901664,12.316706253816312,15.479999542236328,16.755499935150148,-0.49000072479248047,-2.5600013732910156,0,0.1,0.03,5.324778893062794,1
2021-07-01,GDP,-5.0,-42.361941020838564,55.64060943331275,2.578588742280315,2.0825476919901664,12.316706253816312,15.479999542236328,16.755499935150148,-0.49000072479248047,-2.5600013732910156,0,0.1,0.03,5.324778893062794,1
2021-08-01,RETAIL,-5.0,-24.289529301622196,58.61359499065746,2.8520643610544045,1.909025231568573,10.876124625252181,18.239999771118164,17.709500217437743,1.039999008178711,2.760000228881836,0,0.09,0.03,0.8303078540163371,1
2021-08-01,NFP,-3.0,-24.024960998439937,58.61359499065746,2.8520643610544045,1.909025231568573,10.876124625252181,18.239999771118164,17.709500217437743,1.039999008178711,2.760000228881836,0,0.09,0.03,0.8303078540163371,1
2021-09-01,RETAIL,-5.0,-48.30158523162582,61.853772529372094,2.006199864447473,-0.9576029820266729,-4.042425106661862,16.110000610351562,17.25750002861023,-0.6800003051757812,-1.8599987030029297,0,0.08,0.0,-1.3080594737645634,0
2021-09-01,NFP,-3.0,-26.88284518828452,61.853772529372094,2.006199864447473,-0.9576029820266729,-4.042425106661862,16.110000610351562,17.25750002861023,-0.6800003051757812,-1.8599987030029297,0,0.08,0.0,-1.3080594737645634,0
2021-10-01,CPI,5.0,23.72647556255346,36.50130790150353,2.808512071809808,-8.07976259605583,-9.520319800720845,21.100000381469727,20.244999885559082,3.3500003814697266,4.690000534057617,1,0.08,-0.020000000000000004,-3.4188110173834296,0
2021-10-01,RETAIL,5.0,2003.311932219806,36.50130790150353,2.808512071809808,-8.07976259605583,-9.520319800720845,21.100000381469727,20.244999885559082,3.3500003814697266,4.690000534057617,1,0.08,-0.020000000000000004,-3.4188110173834296,0
2021-10-01,GDP,5.0,37.10710759033999,36.50130790150353,2.808512071809808,-8.07976259605583,-9.520319800720845,21.100000381469727,20.244999885559082,3.3500003814697266,4.690000534057617,1,0.08,-0.020000000000000004,-3.4188110173834296,0
2021-10-01,NFP,4.0,48.35545297172534,36.50130790150353,2.808512071809808,-8.07976259605583,-9.520319800720845,21.100000381469727,20.244999885559082,3.3500003814697266,4.690000534057617,1,0.08,-0.020000000000000004,-3.4188110173834296,0
2021-10-01,PMI,5.0,137.73584905660377,36.50130790150353,2.808512071809808,-8.07976259605583,-9.520319800720845,21.100000381469727,20.244999885559082,3.3500003814697266,4.690000534057617,1,0.08,-0.020000000000000004,-3.4188110173834296,0
2021-11-01,CPI,5.0,27.594878777173605,69.68977216182391,2.621310354085512,7.733508330444727,4.570779773477929,16.40999984741211,17.379999971389772,1.1700000762939453,-6.549999237060547,0,0.08,-0.009999999999999995,-1.746093286037689,0
2021-11-01,RETAIL,5.0,897.4364722025355,69.68977216182391,2.621310354085512,7.733508330444727,4.570779773477929,16.40999984741211,17.379999971389772,1.1700000762939453,-6.549999237060547,0,0.08,-0.009999999999999995,-1.746093286037689,0
2021-12-01,PMI,-5.0,-26.881720430107524,50.76926917654776,3.5294598709271394,10.051006065091972,9.930896371278086,31.1200008392334,19.359500074386595,11.740001678466797,15.09000015258789,1,0.08,0.0,4.032541114984984,1
2021-12-01,RETAIL,-5.0,-252.60237225388263,50.76926917654776,3.5294598709271394,10.051006065091972,9.930896371278086,31.1200008392334,19.359500074386595,11.740001678466797,15.09000015258789,1,0.08,0.0,4.032541114984984,1
2021-12-01,NFP,-3.0,-17.345471969333968,50.76926917654776,3.5294598709271394,10.051006065091972,9.930896371278086,31.1200008392334,19.359500074386595,11.740001678466797,15.09000015258789,1,0.08,0.0,4.032541114984984,1
2022-01-01,PMI,-5.0,-40.63604240282685,46.945423162210695,2.675465020774021,-1.1938356359668223,-8.896299118710004,17.219999313354492,20.536499977111816,-0.7399997711181641,-10.730001449584961,0,0.08,0.0,-2.7671065337795993,0
2022-01-01,NFP,-5.0,-65.84872248924867,46.945423162210695,2.675465020774021,-1.1938356359668223,-8.896299118710004,17.219999313354492,20.536499977111816,-0.7399997711181641,-10.730001449584961,0,0.08,0.0,-2.7671065337795993,0
2022-01-01,GDP,-5.0,-40.40756533302384,46.945423162210695,2.675465020774021,-1.1938356359668223,-8.896299118710004,17.219999313354492,20.536499977111816,-0.7399997711181641,-10.730001449584961,0,0.08,0.0,-2.7671065337795993,0
2022-02-01,NFP,5.0,60.5789959963043,48.5619584468868,3.113262779276129,-0.4012710714296541,-11.798143191022914,21.959999084472656,23.448999977111818,-9.200000762939453,5.35999870300293,1,0.08,0.0,-1.0989070513328165,0
2022-02-01,PMI,4.0,12.062256809338514,48.5619584468868,3.113262779276129,-0.4012710714296541,-11.798143191022914,21.959999084472656,23.448999977111818,-9.200000762939453,5.35999870300293,1,0.08,0.0,-1.0989070513328165,0
2022-02-01,CPI,5.0,24.288991969131647,48.5619584468868,3.113262779276129,-0.4012710714296541,-11.798143191022914,21.959999084472656,23.448999977111818,-9.200000762939453,5.35999870300293,1,0.08,0.0,-1.0989070513328165,0
2022-03-01,RETAIL,5.0,97.6581358852562,51.056347984340505,3.080167345225146,3.393574449261094,-7.015462671223482,33.31999969482422,26.127000045776366,4.510000228881836,8.489999771118164,1,0.2,0.12000000000000001,-7.37232998088445,0
2022-03-01,PMI,5.0,57.528957528957534,51.056347984340505,3.080167345225146,3.393574449261094,-7.015462671223482,33.31999969482422,26.127000045776366,4.510000228881836,8.489999771118164,1,0.2,0.12000000000000001,-7.37232998088445,0
2022-03-01,CPI,5.0,24.554322195346824,51.056347984340505,3.080167345225146,3.393574449261094,-7.015462671223482,33.31999969482422,26.127000045776366,4.510000228881836,8.489999771118164,1,0.2,0.12000000000000001,-7.37232998088445,0
2022-04-01,PMI,2.0,3.1578947368421053,42.76533239310121,3.844944994392198,4.040416966871452,-12.914162763494108,19.6299991607666,25.669500064849853,-1.1800003051757812,-12.350000381469727,0,0.33,0.25,-8.333352578654988,0
2022-04-01,CPI,4.0,11.48762250828472,42.76533239310121,3.844944994392198,4.040416966871452,-12.914162763494108,19.6299991607666,25.669500064849853,-1.1800003051757812,-12.350000381469727,0,0.33,0.25,-8.333352578654988,0
2022-05-01,CPI,4.0,10.473192683229032,31.719567552924076,3.1007496952406264,-1.5089419960877093,-26.622403642379723,33.400001525878906,24.37350015640259,5.19000244140625,12.840002059936523,1,0.77,0.6900000000000001,3.526817697908862,1
2022-06-01,RETAIL,4.0,14.905053738494972,51.3201123717384,4.107661345424411,-0.45182929673557304,-2.8655594780210847,25.690000534057617,29.12300033569336,-3.760000228881836,-3.559999465942383,1,1.21,1.01,-0.758728316346405,0
2022-06-01,CPI,4.0,12.508210092936114,51.3201123717384,4.107661345424411,-0.45182929673557304,-2.8655594780210847,25.690000534057617,29.12300033569336,-3.760000228881836,-3.559999465942383,1,1.21,1.01,-0.758728316346405,0
2022-07-01,NFP,5.0,62.363919129082426,49.68195582543804,4.2146681146199905,1.5447097248676878,-5.013131971330875,26.700000762939453,28.319500064849855,-0.529998779296875,1.980001449584961,1,1.68,1.3499999999999999,-2.641807366565436,0
2022-08-01,PMI,-5.0,-35.0,60.592265102911234,3.2225154756130525,-3.202321271783537,6.485203060467204,22.84000015258789,24.675500011444093,-0.5200004577636719,-3.8600006103515625,1,2.33,1.56,-1.6174447596939214,0
2022-08-01,RETAIL,-5.0,-40.775025274106724,60.592265102911234,3.2225154756130525,-3.202321271783537,6.485203060467204,22.84000015258789,24.675500011444093,-0.5200004577636719,-3.8600006103515625,1,2.33,1.56,-1.6174447596939214,0
2022-08-01,NFP,-5.0,-53.26979953992771,60.592265102911234,3.2225154756130525,-3.202321271783537,6.485203060467204,22.84000015258789,24.675500011444093,-0.5200004577636719,-3.8600006103515625,1,2.33,1.56,-1.6174447596939214,0
2022-08-01,CPI,-2.0,-2.7706055730288948,60.592265102911234,3.2225154756130525,-3.202321271783537,6.485203060467204,22.84000015258789,24.675500011444093,-0.5200004577636719,-3.8600006103515625,1,2.33,1.56,-1.6174447596939214,0
2022-10-01,RETAIL,5.0,555.7676271929654,34.16523804377948,4.460769678770147,-9.789460380760051,-19.99189988033382,31.6200008392334,27.498499965667726,1.7000007629394531,6.060001373291016,1,3.08,1.4000000000000001,-3.8975426099081787,0
2022-10-01,PMI,5.0,22.093023255813947,34.16523804377948,4.460769678770147,-9.789460380760051,-19.99189988033382,31.6200008392334,27.498499965667726,1.7000007629394531,6.060001373291016,1,3.08,1.4000000000000001,-3.8975426099081787,0
2022-10-01,NFP,2.0,10.752191970466077,34.16523804377948,4.460769678770147,-9.789460380760051,-19.99189988033382,31.6200008392334,27.498499965667726,1.7000007629394531,6.060001373291016,1,3.08,1.4000000000000001,-3.8975426099081787,0
2023-01-01,CPI,-4.0,-17.60366268379416,25.724754016154336,3.937375779503867,-11.805557228116214,-17.46304271072895,21.670000076293945,21.88149995803833,-0.2999992370605469,1.8299999237060547,1,4.33,1.25,5.479452196791704,1
2023-01-01,PMI,-5.0,-60.33057851239669,25.724754016154336,3.937375779503867,-11.805557228116214,-17.46304271072895,21.670000076293945,21.88149995803833,-0.2999992370605469,1.8299999237060547,1,4.33,1.25,5.479452196791704,1
2023-01-01,GDP,-4.0,-13.073805316981183,25.724754016154336,3.937375779503867,-11.805557228116214,-17.46304271072895,21.670000076293945,21.88149995803833,-0.2999992370605469,1.8299999237060547,1,4.33,1.25,5.479452196791704,1
2023-02-01,RETAIL,-5.0,-358.7851275663617,59.10289953521081,3.6546237814310225,-0.21413558664666876,22.30971122874785,17.8700008392334,19.951500034332277,-1.2099990844726562,-5.029998779296875,0,4.57,0.7900000000000005,-4.149388879218163,0
2023-02-01,PMI,-5.0,-81.44329896907216,59.10289953521081,3.6546237814310225,-0.21413558664666876,22.30971122874785,17.8700008392334,19.951500034332277,-1.2099990844726562,-5.029998779296875,0,4.57,0.7900000000000005,-4.149388879218163,0
2023-02-01,CPI,-4.0,-18.873238572954534,59.10289953521081,3.6546237814310225,-0.21413558664666876,22.30971122874785,17.8700008392334,19.951500034332277,-1.2099990844726562,-5.029998779296875,0,4.57,0.7900000000000005,-4.149388879218163,0
2023-04-01,PMI,-5.0,-114.28571428571428,50.348346072441934,3.840825044850805,-1.5521012534243872,11.858218720985736,18.700000762939453,21.958000087738036,-3.039999008178711,0.21000099182128906,0,4.83,0.5,4.560628792492796,1
2023-04-01,GDP,-5.0,-39.1195978836637,50.348346072441934,3.840825044850805,-1.5521012534243872,11.858218720985736,18.700000762939453,21.958000087738036,-3.039999008178711,0.21000099182128906,0,4.83,0.5,4.560628792492796,1
2023-04-01,NFP,-3.0,-21.833534378769595,50.348346072441934,3.840825044850805,-1.5521012534243872,11.858218720985736,18.700000762939453,21.958000087738036,-3.039999008178711,0.21000099182128906,0,4.83,0.5,4.560628792492796,1
2023-04-01,CPI,-5.0,-22.96227702160091,50.348346072441934,3.840825044850805,-1.5521012534243872,11.858218720985736,18.700000762939453,21.958000087738036,-3.039999008178711,0.21000099182128906,0,4.83,0.5,4.560628792492796,1
2023-05-01,NFP,-2.0,-7.598371777476251,46.4539146796813,2.8342632035692814,5.357156428659771,3.873241698090246,16.079999923706055,17.73099989891052,-0.8099994659423828,-2.6200008392333984,0,5.06,0.7299999999999995,8.888894347958795,1
2023-05-01,PMI,-5.0,-1600.0,46.4539146796813,2.8342632035692814,5.357156428659771,3.873241698090246,16.079999923706055,17.73099989891052,-0.8099994659423828,-2.6200008392333984,0,5.06,0.7299999999999995,8.888894347958795,1
2023-05-01,CPI,-5.0,-30.702801998953205,46.4539146796813,2.8342632035692814,5.357156428659771,3.873241698090246,16.079999923706055,17.73099989891052,-0.8099994659423828,-2.6200008392333984,0,5.06,0.7299999999999995,8.888894347958795,1
2023-06-01,RETAIL,5.0,34.640487333255194,41.871936070549154,2.1746577471849027,5.459394980489751,-8.545033713390037,15.649999618530273,17.58100004196167,-4.380001068115234,-2.690000534057617,0,5.08,0.4299999999999997,-3.625005207760091,0
2023-06-01,PMI,5.0,181.8181818181818,41.871936070549154,2.1746577471849027,5.459394980489751,-8.545033713390037,15.649999618530273,17.58100004196167,-4.380001068115234,-2.690000534057617,0,5.08,0.4299999999999997,-3.625005207760091,0
2023-06-01,NFP,2.0,9.82905982905983,41.871936070549154,2.1746577471849027,5.459394980489751,-8.545033713390037,15.649999618530273,17.58100004196167,-4.380001068115234,-2.690000534057617,0,5.08,0.4299999999999997,-3.625005207760091,0
2023-11-01,PMI,5.0,349.05660377358487,32.765949976169026,4.501081470786798,-6.352934165865321,-7.441873190097814,16.8700008392334,18.82150001525879,-3.3199996948242188,-1.7099990844726562,0,5.33,0.0,9.241694118931603,1
2024-05-01,RETAIL,5.0,13407.177801874252,35.874816642995185,2.6187549532951597,-2.787618086302346,-13.299131738393177,15.390000343322754,16.391499853134157,-0.5799999237060547,1.0600004196166992,0,5.33,0.0,4.056170666122598,1
2024-05-01,PMI,3.0,9.090909090909095,35.874816642995185,2.6187549532951597,-2.787618086302346,-13.299131738393177,15.390000343322754,16.391499853134157,-0.5799999237060547,1.0600004196166992,0,5.33,0.0,4.056170666122598,1
2024-08-01,PMI,-5.0,-823.076923076923,55.563511947641594,2.2769108427968687,10.772445445250444,12.917625927119737,18.59000015258789,15.029500055313111,0.13000106811523438,6.5,0,5.33,0.0,10.719534766899308,1
2024-08-01,RETAIL,-5.0,-173.1704112528491,55.563511947641594,2.2769108427968687,10.772445445250444,12.917625927119737,18.59000015258789,15.029500055313111,0.13000106811523438,6.5,0,5.33,0.0,10.719534766899308,1
2024-08-01,NFP,-5.0,-55.34591194968554,55.563511947641594,2.2769108427968687,10.772445445250444,12.917625927119737,18.59000015258789,15.029500055313111,0.13000106811523438,6.5,0,5.33,0.0,10.719534766899308,1
2024-08-01,CPI,-4.0,-18.139841931272482,55.563511947641594,2.2769108427968687,10.772445445250444,12.917625927119737,18.59000015258789,15.029500055313111,0.13000106811523438,6.5,0,5.33,0.0,10.719534766899308,1
2024-09-01,CPI,-5.0,-21.452278539557632,47.393373755637825,2.3916326512141346,-5.765653976727303,-6.463561785963612,15.0,19.144500017166138,-0.8599996566772461,-8.389999389648438,0,5.13,-0.20000000000000018,5.447663809874459,1
2024-10-01,GDP,-4.0,-15.403020510869514,28.037462425658077,2.0689814603413312,-1.9105004462224628,4.708819904006711,19.260000228881836,17.69599986076355,3.869999885559082,-1.4599990844726562,0,4.83,-0.5,-5.210460106019829,0
2024-10-01,CPI,-4.0,-12.063303826535675,28.037462425658077,2.0689814603413312,-1.9105004462224628,4.708819904006711,19.260000228881836,17.69599986076355,3.869999885559082,-1.4599990844726562,0,4.83,-0.5,-5.210460106019829,0
2024-10-01,NFP,-5.0,-66.87578419071518,28.037462425658077,2.0689814603413312,-1.9105004462224628,4.708819904006711,19.260000228881836,17.69599986076355,3.869999885559082,-1.4599990844726562,0,4.83,-0.5,-5.210460106019829,0
2024-10-01,PMI,-5.0,-689.4736842105262,28.037462425658077,2.0689814603413312,-1.9105004462224628,4.708819904006711,19.260000228881836,17.69599986076355,3.869999885559082,-1.4599990844726562,0,4.83,-0.5,-5.210460106019829,0
2024-11-01,NFP,5.0,116.597510373444,38.8032716191249,2.1685665558529927,-0.9894829208375255,-14.00178372010198,21.8799991607666,20.15600004196167,1.5499992370605469,2.6700000762939453,1,4.64,-0.6900000000000004,6.086950147449506,1
2024-11-01,RETAIL,5.0,48.57179324597205,38.8032716191249,2.1685665558529927,-0.9894829208375255,-14.00178372010198,21.8799991607666,20.15600004196167,1.5499992370605469,2.6700000762939453,1,4.64,-0.6900000000000004,6.086950147449506,1
2024-11-01,PMI,5.0,223.71134020618558,38.8032716191249,2.1685665558529927,-0.9894829208375255,-14.00178372010198,21.8799991607666,20.15600004196167,1.5499992370605469,2.6700000762939453,1,4.64,-0.6900000000000004,6.086950147449506,1
